{
  "train_loss": [
    0.6438883361742669,
    0.3279091262633039,
    0.24884022223119884,
    0.21512696628948463,
    0.16839890374043553,
    0.1639551561633029,
    0.13628376228254788,
    0.11723001590286641,
    0.13609493703379766,
    0.11495458603279722
  ],
  "val_loss": [
    0.3856268349502768,
    0.2797820074483752,
    0.31864700838923454,
    0.22252731450966426,
    0.2746851212744202,
    0.16493495420685836,
    0.26626782877636807,
    0.11800260642277342,
    0.17233405491736317,
    0.19446757961330668
  ],
  "train_acc": [
    0.7683634020618557,
    0.8923969072164949,
    0.913659793814433,
    0.930090206185567,
    0.9387886597938144,
    0.9439432989690721,
    0.9548969072164949,
    0.9639175257731959,
    0.9552190721649485,
    0.9619845360824743
  ],
  "val_acc": [
    0.8613591279302325,
    0.9050099211079734,
    0.9098875650337764,
    0.9135251343250275,
    0.9174107142857143,
    0.9456018507480621,
    0.9090608486107418,
    0.9492394200393132,
    0.9500661364623478,
    0.947833993605205
  ]
}